{"cameraMode":{"drawMode":0,"name":"Shaded","section":"Shading Mode"},"sceneLighting":true,"audioPlay":false,"sceneViewState":{"m_AlwaysRefresh":false,"showFog":true,"showSkybox":true,"showFlares":true,"showImageEffects":true,"showParticleSystems":true,"showVisualEffectGraphs":true,"m_FxEnabled":true},"in2DMode":false,"pivot":{"x":0.45409077405929568,"y":1.6767767667770386,"z":1.943434715270996},"rotation":{"x":-0.04029938206076622,"y":-0.8993605375289917,"z":0.08474642783403397,"w":-0.4274783730506897},"size":3.5501081943511965,"orthographic":false}